code,name,suffix
005930,삼성전자,KS
000660,SK하이닉스,KS
005935,삼성전자우,KS
402340,SK스퀘어,KS
009150,삼성전기,KS
373220,LG에너지솔루션,KS
005380,현대차,KS
207940,삼성바이오로직스,KS
105560,KB금융,KS
032830,삼성생명,KS
028260,삼성물산,KS
012450,한화에어로스페이스,KS
034020,두산에너빌리티,KS
055550,신한지주,KS
006400,삼성SDI,KS
329180,HD현대중공업,KS
000270,기아,KS
068270,셀트리온,KS
034730,SK,KS
066570,LG전자,KS
086790,하나금융지주,KS
012330,현대모비스,KS
010120,LS ELECTRIC,KS
035420,NAVER,KS
000810,삼성화재,KS
042700,한미반도체,KS
298040,효성중공업,KS
096770,SK이노베이션,KS
005490,POSCO홀딩스,KS
316140,우리금융지주,KS
267260,HD현대일렉트릭,KS
042660,한화오션,KS
000150,두산,KS
010130,고려아연,KS
009540,HD한국조선해양,KS
138040,메리츠금융지주,KS
011200,HMM,KS
015760,한국전력,KS
051910,LG화학,KS
017670,SK텔레콤,KS
010950,S-Oil,KS
033780,KT&G,KS
003670,포스코퓨처엠,KS
003550,LG,KS
010140,삼성중공업,KS
006800,미래에셋증권,KS
018260,삼성에스디에스,KS
024110,기업은행,KS
079550,LIG디펜스앤에어로스페이스,KS
272210,한화시스템,KS
267250,HD현대,KS
011070,LG이노텍,KS
086280,현대글로비스,KS
035720,카카오,KS
278470,에이피알,KS
030200,KT,KS
000720,현대건설,KS
047810,한국항공우주,KS
064350,현대로템,KS
005830,DB손해보험,KS
003490,대한항공,KS
307950,현대오토에버,KS
047050,포스코인터내셔널,KS
443060,HD현대마린솔루션,KS
071050,한국금융지주,KS
005940,NH투자증권,KS
000500,가온전선,KS
078930,GS,KS
007660,이수페타시스,KS
323410,카카오뱅크,KS
028050,삼성E&A,KS
006260,LS,KS
0126Z0,삼성에피스홀딩스,KS
259960,크래프톤,KS
003230,삼양식품,KS
180640,한진칼,KS
009830,한화솔루션,KS
016360,삼성증권,KS
353200,대덕전자,KS
090430,아모레퍼시픽,KS
161390,한국타이어앤테크놀로지,KS
047040,대우건설,KS
062040,산일전기,KS
021240,코웨이,KS
064400,LG씨엔에스,KS
352820,하이브,KS
000880,한화,KS
039490,키움증권,KS
128940,한미약품,KS
001440,대한전선,KS
032640,LG유플러스,KS
005387,현대차2우B,KS
000990,DB하이텍,KS
326030,SK바이오팜,KS
000100,유한양행,KS
267270,HD건설기계,KS
011790,SKC,KS
377300,카카오페이,KS
175330,JB금융지주,KS
241560,두산밥캣,KS
066970,엘앤에프,KS
138930,BNK금융지주,KS
052690,한전기술,KS
036570,NC,KS
454910,두산로보틱스,KS
029780,삼성카드,KS
088980,맥쿼리인프라,KS
088350,한화생명,KS
010060,OCI홀딩스,KS
034220,LG디스플레이,KS
271560,오리온,KS
103590,일진전기,KS
005385,현대차우,KS
002380,KCC,KS
018880,한온시스템,KS
001450,현대해상,KS
004020,현대제철,KS
082740,한화엔진,KS
051900,LG생활건강,KS
008930,한미사이언스,KS
001040,CJ,KS
022100,포스코DX,KS
036460,한국가스공사,KS
028670,팬오션,KS
012750,에스원,KS
161890,한국콜마,KS
035250,강원랜드,KS
004170,신세계,KS
192820,코스맥스,KS
336260,두산퓨얼셀,KS
111770,영원무역,KS
011780,금호석유화학,KS
014680,한솔케미칼,KS
139130,iM금융지주,KS
007340,DN오토모티브,KS
031210,서울보증보험,KS
302440,SK바이오사이언스,KS
375500,DL이앤씨,KS
017800,현대엘리베이터,KS
251270,넷마블,KS
006360,GS건설,KS
020150,롯데에너지머티리얼즈,KS
450080,에코프로머티,KS
023530,롯데쇼핑,KS
085620,미래에셋생명,KS
383220,F&F,KS
097950,CJ제일제당,KS
004800,효성,KS
026960,동서,KS
011170,롯데케미칼,KS
489790,한화비전,KS
003690,코리안리,KS
457190,이수스페셜티케미컬,KS
009420,한올바이오파마,KS
112610,씨에스윈드,KS
005850,에스엘,KS
000240,한국앤컴퍼니,KS
004370,농심,KS
018670,SK가스,KS
004990,롯데지주,KS
001720,신영증권,KS
005440,현대지에프홀딩스,KS
279570,케이뱅크,KS
483650,달바글로벌,KS
204320,HL만도,KS
282330,BGF리테일,KS
103140,풍산,KS
030000,제일기획,KS
007810,코리아써키트,KS
009970,영원무역홀딩스,KS
281820,케이씨텍,KS
081660,미스토홀딩스,KS
051600,한전KPS,KS
229640,LS에코에너지,KS
139480,이마트,KS
073240,금호타이어,KS
000155,두산우,KS
002790,아모레퍼시픽홀딩스,KS
069960,현대백화점,KS
007070,GS리테일,KS
089860,롯데렌탈,KS
181710,NHN,KS
439260,대한조선,KS
462870,시프트업,KS
120110,코오롱인더,KS
093370,후성,KS
020560,아시아나항공,KS
001430,세아베스틸지주,KS
475150,SK이터닉스,KS
001820,삼화콘덴서,KS
001120,LX인터내셔널,KS
023590,다우기술,KS
322000,HD현대에너지솔루션,KS
071970,HD현대마린엔진,KS
000120,CJ대한통운,KS
395400,SK리츠,KS
009155,삼성전기우,KS
005070,코스모신소재,KS
006040,동원산업,KS
008770,호텔신라,KS
006280,녹십자,KS
011210,현대위아,KS
361610,SK아이이테크놀로지,KS
294870,IPARK현대산업개발,KS
012630,HDC,KS
066575,LG전자우,KS
097230,HJ중공업,KS
001800,오리온홀딩스,KS
001740,SK네트웍스,KS
00680K,미래에셋증권2우B,KS
007310,오뚜기,KS
069620,대웅제약,KS
298020,효성티앤씨,KS
415640,KB발해인프라,KS
003540,대신증권,KS
192080,더블유게임즈,KS
003160,디아이,KS
330590,롯데리츠,KS
000815,삼성화재우,KS
300720,한일시멘트,KS
006120,SK디스커버리,KS
195870,해성디에스,KS
030610,교보증권,KS
004000,롯데정밀화학,KS
280360,롯데웰푸드,KS
006110,삼아알미늄,KS
017960,한국카본,KS
006340,대원전선,KS
000210,DL,KS
000080,하이트진로,KS
003570,SNT다이내믹스,KS
003240,태광산업,KS
003530,한화투자증권,KS
451800,한화리츠,KS
192400,쿠쿠홀딩스,KS
009240,한샘,KS
030190,NICE평가정보,KS
051915,LG화학우,KS
077970,STX엔진,KS
071320,지역난방공사,KS
185750,종근당,KS
285130,SK케미칼,KS
004490,세방전지,KS
009450,경동나비엔,KS
003090,대웅,KS
005300,롯데칠성,KS
032350,롯데관광개발,KS
034230,파라다이스,KS
000370,한화손해보험,KS
003470,유안타증권,KS
071055,한국금융지주우,KS
079160,CJ CGV,KS
248070,솔루엠,KS
005690,파미셀,KS
100090,SK오션플랜트,KS
137310,에스디바이오센서,KS
365550,ESR켄달스퀘어리츠,KS
000670,영풍,KS
499790,GS피앤엘,KS
090460,비에이치,KS
005180,빙그레,KS
298050,HS효성첨단소재,KS
036530,SNT홀딩스,KS
003850,보령,KS
214320,이노션,KS
064960,SNT모티브,KS
094800,맵스리얼티,KS
093050,LF,KS
100840,SNT에너지,KS
005090,SGC에너지,KS
002960,한국쉘석유,KS
000400,롯데손해보험,KS
293940,신한알파리츠,KS
456040,OCI,KS
005880,대한해운,KS
336370,솔루스첨단소재,KS
069260,TKG휴켐스,KS
001060,JW중외제약,KS
014820,동원시스템즈,KS
001570,금양,KS
192650,드림텍,KS
317450,명인제약,KS
000640,동아쏘시오홀딩스,KS
268280,미원에스씨,KS
004710,한솔테크닉스,KS
108320,LX세미콘,KS
017940,E1,KS
033240,자화전자,KS
383800,LX홀딩스,KS
453340,현대그린푸드,KS
001680,대상,KS
002840,미원상사,KS
178920,PI첨단소재,KS
006650,대한유화,KS
017900,광전자,KS
079900,전진건설로봇,KS
00088K,한화3우B,KS
016380,KG스틸,KS
075580,세진중공업,KS
025540,한국단자,KS
002350,넥센타이어,KS
284740,쿠쿠홈시스,KS
161000,애경케미칼,KS
001510,SK증권,KS
00104K,CJ4우(전환),KS
001530,DI동일,KS
003300,한일홀딩스,KS
005810,풍산홀딩스,KS
003620,KG모빌리티,KS
007700,F&F홀딩스,KS
001270,부국증권,KS
484870,엠앤씨솔루션,KS
058650,세아홀딩스,KS
114090,GKL,KS
009410,태영건설,KS
008060,대덕,KS
452260,한화갤러리아,KS
029460,케이씨,KS
019170,신풍제약,KS
003545,대신증권우,KS
460860,동국제강,KS
0220W0,한화머시너리앤서비스홀딩스,KS
001500,현대차증권,KS
145990,삼양사,KS
377740,바이오노트,KS
039130,하나투어,KS
003030,세아제강지주,KS
249420,일동제약,KS
004690,삼천리,KS
020000,한섬,KS
002240,고려제강,KS
005250,녹십자홀딩스,KS
217590,티엠씨,KS
009900,명신산업,KS
448730,삼성FN리츠,KS
005420,코스모화학,KS
004700,조광피혁,KS
000070,삼양홀딩스,KS
002990,금호건설,KS
016610,DB증권,KS
306200,세아제강,KS
010780,아이에스동서,KS
003280,흥아해운,KS
034310,NICE,KS
271940,일진하이솔루스,KS
403550,쏘카,KS
005945,NH투자증권우,KS
012030,DB,KS
002030,아세아,KS
090435,아모레퍼시픽우,KS
072710,농심홀딩스,KS
014830,유니드,KS
011930,신성이엔지,KS
003000,부광약품,KS
005389,현대차3우B,KS
130660,한전산업,KS
002810,삼영무역,KS
001200,유진투자증권,KS
357120,코람코라이프인프라리츠,KS
008730,율촌화학,KS
344820,KCC글라스,KS
002710,TCC스틸,KS
317400,자이에스앤디,KS
015360,INVENI,KS
092230,KPX홀딩스,KS
029530,신도리코,KS
126560,현대퓨처넷,KS
092790,넥스틸,KS
0120G0,삼양바이오팜,KS
031430,신세계인터내셔날,KS
016590,신대양제지,KS
006220,제주은행,KS
194370,제이에스코퍼레이션,KS
001940,KISCO홀딩스,KS
006405,삼성SDI우,KS
183190,아세아시멘트,KS
089590,제주항공,KS
007690,국도화학,KS
027410,BGF,KS
015860,일진홀딩스,KS
010955,S-Oil우,KS
005610,삼립,KS
105630,한세실업,KS
950210,프레스티지바이오파마,KS
104700,한국철강,KS
000157,두산2우B,KS
145720,덴티움,KS
170900,동아에스티,KS
060980,HL홀딩스,KS
097520,엠씨넥스,KS
009290,광동제약,KS
005720,넥센,KS
017810,풀무원,KS
003350,한국화장품제조,KS
009160,SIMPAC,KS
011760,현대코퍼레이션,KS
02826K,삼성물산우B,KS
084010,대한제강,KS
001230,동국홀딩스,KS
024720,콜마홀딩스,KS
096760,JW홀딩스,KS
005950,이수화학,KS
010820,퍼스텍,KS
381970,KG모빌리티플랫폼,KS
126720,수산인더스트리,KS
002310,아세아제지,KS
005430,한국공항,KS
002020,코오롱,KS
272450,진에어,KS
026890,스틱인베스트먼트,KS
200880,서연이화,KS
025860,남해화학,KS
123890,한국자산신탁,KS
108670,LX하우시스,KS
018250,애경산업,KS
003120,일성아이에스,KS
001750,한양증권,KS
244920,에이플러스에셋,KS
084690,대상홀딩스,KS
001390,KG케미칼,KS
034830,한국토지신탁,KS
016800,퍼시스,KS
033270,유나이티드제약,KS
058430,포스코스틸리온,KS
000430,대원강업,KS
004430,송원산업,KS
122900,아이마켓코리아,KS
020120,키다리스튜디오,KS
078520,에이블씨엔씨,KS
105840,우진,KS
002900,TYM,KS
010690,화신,KS
044450,KSS해운,KS
017390,서울가스,KS
091810,트리니티항공,KS
004310,현대약품,KS
286940,롯데이노베이트,KS
001250,GS글로벌,KS
037710,광주신세계,KS
005500,삼진제약,KS
004360,세방,KS
005680,삼영전자,KS
003960,사조대림,KS
003200,일신방직,KS
010580,에스엠벡셀,KS
334890,이지스밸류플러스리츠,KS
432320,KB스타리츠,KS
226320,잇츠한불,KS
298690,에어부산,KS
002320,한진,KS
001790,대한제당,KS
030210,다올투자증권,KS
136490,선진,KS
025560,미래산업,KS
025000,KPX케미칼,KS
007160,사조산업,KS
003920,남양유업,KS
001340,PKC,KS
011500,한농화성,KS
000680,LS네트웍스,KS
404990,신한서부티엔디리츠,KS
003070,코오롱글로벌,KS
348950,제이알글로벌리츠,KS
008490,서흥,KS
900140,엘브이엠씨홀딩스,KS
0030R0,대신밸류리츠,KS
017860,DS단석,KS
005010,휴스틸,KS
001470,삼부토건,KS
092200,디아이씨,KS
053690,한미글로벌,KS
134380,미원화학,KS
077500,유니퀘스트,KS
001460,BYC,KS
044820,코스맥스비티아이,KS
000490,대동,KS
003720,삼영,KS
000540,흥국화재,KS
028100,동아지질,KS
035510,신세계 I&C,KS
000050,경방,KS
009680,모토닉,KS
034120,SBS,KS
475560,더본코리아,KS
003650,미창석유,KS
03473K,SK우,KS
035150,백산,KS
033920,무학,KS
000320,노루홀딩스,KS
003555,LG우,KS
088260,이리츠코크렙,KS
000480,CR홀딩스,KS
004980,성신양회,KS
298000,효성화학,KS
037270,YG PLUS,KS
000650,천일고속,KS
339770,교촌에프앤비,KS
051905,LG생활건강우,KS
117580,대성에너지,KS
039570,HDC랩스,KS
013580,계룡건설,KS
100250,진양홀딩스,KS
095570,AJ네트웍스,KS
005960,동부건설,KS
128820,대성산업,KS
053210,스카이라이프,KS
000390,SP삼화,KS
003520,영진약품,KS
016580,환인제약,KS
102260,동성케미컬,KS
487570,HS효성,KS
102460,이연제약,KS
001630,종근당홀딩스,KS
000520,삼일제약,KS
004560,현대비앤지스틸,KS
001130,대한제분,KS
033530,SJG세종,KS
002420,우양피앤엘,KS
003547,대신증권2우B,KS
009470,삼화전기,KS
007860,서연,KS
000140,하이트진로홀딩스,KS
015230,대창단조,KS
002100,경농,KS
003220,대원제약,KS
377190,디앤디플랫폼리츠,KS
003610,방림,KS
000300,DH오토넥스,KS
234080,JW생명과학,KS
016450,한세예스24홀딩스,KS
213500,한솔제지,KS
003460,유화증권,KS
002150,도화엔지니어링,KS
000700,유수홀딩스,KS
014710,사조씨푸드,KS
000020,동화약품,KS
090350,노루페인트,KS
460850,동국씨엠,KS
101530,해태제과식품,KS
004380,삼익THK,KS
241590,화승엔터프라이즈,KS
001780,알루코,KS
000860,강남제비스코,KS
002170,SYTS,KS
462520,조선내화,KS
400760,NH올원리츠,KS
007570,일양약품,KS
006805,미래에셋증권우,KS
008970,KBI동양철관,KS
001045,CJ우,KS
004090,한국석유,KS
293480,하나제약,KS
013890,지누스,KS
011785,금호석유화학우,KS
272550,삼양패키징,KS
000970,한국주철관,KS
271980,제일약품,KS
00279K,아모레퍼시픽홀딩스3우C,KS
004150,한솔홀딩스,KS
097955,CJ제일제당 우,KS
003830,대한화섬,KS
016880,웅진,KS
025820,이구산업,KS
004970,신라교역,KS
012610,경인양행,KS
071840,롯데하이마트,KS
015890,태경산업,KS
001080,만호제강,KS
107590,미원홀딩스,KS
011690,와이투솔루션,KS
008350,남선알미늄,KS
001360,삼성제약,KS
094280,효성ITX,KS
003480,한진중공업홀딩스,KS
081000,일진다이아,KS
018470,조일알미늄,KS
014280,금강공업,KS
004080,신흥,KS
092220,KEC,KS
024090,디씨엠,KS
214390,경보제약,KS
013520,화승코퍼레이션,KS
004960,한신공영,KS
009270,신원,KS
015590,DKME,KS
078000,텔코웨어,KS
006060,화승인더,KS
002210,동성제약,KS
267290,경동도시가스,KS
009070,KCTC,KS
210540,디와이파워,KS
089470,HDC현대EP,KS
214420,토니모리,KS
005800,신영와코루,KS
037560,LG헬로비전,KS
002620,제일파마홀딩스,KS
001520,동양,KS
004100,태양금속,KS
002390,한독,KS
350520,이지스레지던스리츠,KS
014530,극동유화,KS
017550,수산세보틱스,KS
227840,현대코퍼레이션홀딩스,KS
001210,금호전기,KS
034590,인천도시가스,KS
016740,두올,KS
079430,현대리바트,KS
083420,그린케미칼,KS
002460,HS화성,KS
009580,무림P&P,KS
003010,혜인,KS
012200,계양전기,KS
023450,동남합성,KS
016710,대성홀딩스,KS
013570,디와이,KS
011810,STX,KS
006660,삼성공조,KS
012800,대창,KS
014580,태경비케이,KS
003580,HLB글로벌,KS
011280,태림포장,KS
010100,한국무브넥스,KS
021820,세원정공,KS
008040,사조동아원,KS
004250,NPC,KS
078935,GS우,KS
120030,조선선재,KS
267850,아시아나IDT,KS
012320,경동인베스트,KS
027970,한국제지,KS
123690,한국화장품,KS
119650,KC코트렐,KS
248170,샘표식품,KS
035000,HS애드,KS
37550L,DL이앤씨2우(전환),KS
025620,차AI헬스케어,KS
002450,삼익악기,KS
067830,세이브존I&C,KS
008700,아남전자,KS
417310,코람코더원리츠,KS
264900,크라운제과,KS
002780,진흥기업,KS
070960,모나용평,KS
014790,HL D&I,KS
363280,티와이홀딩스,KS
007210,벽산,KS
032560,황금에스티,KS
008260,NI스틸,KS
007540,샘표,KS
014440,영보화학,KS
006840,AK홀딩스,KS
001290,상상인증권,KS
002200,한국수출포장,KS
058850,KTcs,KS
001275,부국증권우,KS
019180,티에이치엔,KS
096775,SK이노베이션우,KS
058860,KTis,KS
013700,까뮤이앤씨,KS
036580,팜스코,KS
139990,아주스틸,KS
004140,동방,KS
023000,삼원강재,KS
006090,사조오양,KS
004890,동일산업,KS
002600,조흥,KS
33626K,두산퓨얼셀1우,KS
011700,한신기계,KS
007980,TP,KS
000590,CS홀딩스,KS
000850,화천기공,KS
001260,남광토건,KS
055490,테이팩스,KS
023800,인지컨트롤스,KS
009180,한솔로지스틱스,KS
007610,선도전기,KS
111380,동인기연,KS
069730,DSR제강,KS
163560,동일고무벨트,KS
005740,크라운해태홀딩스,KS
004840,DRB동일,KS
002220,한일철강,KS
007590,동방아그로,KS
000105,유한양행우,KS
109070,주성코퍼레이션,KS
010960,삼호개발,KS
063160,종근당바이오,KS
013360,일성건설,KS
480370,씨케이솔루션,KS
024900,디와이덕양,KS
000230,일동홀딩스,KS
214330,금호에이치티,KS
013870,지엠비코리아,KS
338100,NH프라임리츠,KS
071090,하이스틸,KS
014160,대영포장,KS
002720,국제약품,KS
120115,코오롱인더우,KS
031820,아이티센씨티에스,KS
002700,신일전자,KS
002795,아모레퍼시픽홀딩스우,KS
004440,삼일씨엔에스,KS
005750,대림바스,KS
001560,제일연마,KS
009770,삼정펄프,KS
001020,페이퍼코리아,KS
010040,한국내화,KS
155660,DSR,KS
010660,화천기계,KS
095720,웅진씽크빅,KS
011150,CJ씨푸드,KS
000180,성창기업지주,KS
079980,휴비스,KS
007815,코리아써우,KS
007280,한국특강,KS
019680,대교,KS
017370,우신시스템,KS
100220,비상교육,KS
004720,팜젠사이언스,KS
084670,동양고속,KS
058730,다스코,KS
085310,엔케이,KS
004770,써니전자,KS
018500,동원모빌리티,KS
005870,휴니드,KS
009200,무림페이퍼,KS
084680,이월드,KS
016090,대현,KS
068290,삼성출판사,KS
35320K,대덕전자1우,KS
004450,삼화왕관,KS
210980,SK디앤디,KS
072130,유엔젤,KS
014990,인디에프,KS
002760,보락,KS
000220,유유제약,KS
372910,한컴라이프케어,KS
111110,호전실업,KS
003925,남양유업우,KS
001465,BYC우,KS
0220WL,한화머시너리앤서비스홀딩스3우B,KS
129260,인터지스,KS
006890,태경케미컬,KS
37550K,DL이앤씨우,KS
075180,새론오토모티브,KS
020760,일진디스플,KS
003465,유화증권우,KS
007460,에이프로젠,KS
090080,평화산업,KS
000725,현대건설우,KS
025530,SJM홀딩스,KS
021050,서원,KS
28513K,SK케미칼우,KS
006125,SK디스커버리우,KS
378850,화승알앤에이,KS
092440,기신정기,KS
004830,덕성,KS
002410,범양건영,KS
023810,인팩,KS
003475,유안타증권우,KS
001550,조비,KS
396690,미래에셋글로벌리츠,KS
003780,진양산업,KS
006980,우성,KS
010770,평화홀딩스,KS
012690,모나리자,KS
011230,삼화전자,KS
005305,롯데칠성우,KS
005320,온타이드,KS
123700,SJM,KS
101140,인바이오젠,KS
011390,부산산업,KS
006880,신송홀딩스,KS
002630,오리엔트바이오,KS
000950,전방,KS
011000,진원생명과학,KS
009835,한화솔루션우,KS
001620,케이비아이동국실업,KS
004410,서울식품,KS
002140,고려산업,KS
011300,우성머티리얼스,KS
009320,아진전자부품,KS
041650,상신브레이크,KS
069460,대호에이엘,KS
002920,유성기업,KS
004540,깨끗한나라,KS
000910,유니온,KS
357250,미래에셋맵스리츠,KS
074610,이엔플러스,KS
084870,TBH글로벌,KS
092780,DYP,KS
003080,SB성보,KS
004910,조광페인트,KS
014910,성문전자,KS
017180,명문제약,KS
008420,문배철강,KS
446070,유니드비티플러스,KS
481850,신한글로벌액티브리츠,KS
026940,부국철강,KS
004060,SG세계물산,KS
019490,엑시큐어하이트론,KS
011330,유니켐,KS
000215,DL우,KS
023350,한국종합기술,KS
007110,일신석재,KS
017040,광명전기,KS
002870,신풍,KS
049800,우진플라임,KS
008870,금비,KS
009810,MDS스피어,KS
011420,갤럭시아에스엠,KS
145270,케이탑리츠,KS
023960,에쓰씨엔지니어링,KS
047400,유니온머티리얼,KS
002360,SH에너지화학,KS
134790,시디즈,KS
133820,화인베스틸,KS
004920,씨아이테크,KS
000890,보해양조,KS
012280,영화금속,KS
000760,이화산업,KS
002880,디와이에이,KS
008250,이건산업,KS
027740,마니커,KS
013000,세우글로벌,KS
004365,세방우,KS
009460,한창제지,KS
143210,핸즈코퍼레이션,KS
005820,원림,KS
010640,진양폴리,KS
012160,영흥,KS
006370,대구백화점,KS
014130,한익스프레스,KS
090370,메타랩스,KS
003535,한화투자증권우,KS
009140,케이아이이,KS
051630,진양화학,KS
010400,우진아이엔에스,KS
025750,한솔홈데코,KS
024070,WISCOM,KS
069640,한세엠케이,KS
036420,콘텐트리중앙,KS
001070,대한방직,KS
088790,진도,KS
025890,한국주강,KS
308170,씨티알모빌리티,KS
006570,대림통상,KS
019175,신풍제약우,KS
023150,MH에탄올,KS
006740,블루산업개발,KS
003680,한성기업,KS
007120,미래아이앤지,KS
33637K,솔루스첨단소재1우,KS
009190,대양금속,KS
118000,메타케어,KS
002690,동일제강,KS
033250,체시스,KS
006490,프리티,KS
004270,남성,KS
002355,넥센타이어1우B,KS
006345,대원전선우,KS
003060,에이프로젠바이오로직스,KS
001380,SG글로벌,KS
003495,대한항공우,KS
357430,마스턴프리미어리츠,KS
009310,참엔지니어링,KS
001420,태원물산,KS
071950,코아스,KS
004870,티웨이홀딩스,KS
012170,아센디오,KS
33626L,두산퓨얼셀2우B,KS
030720,동원수산,KS
008775,호텔신라우,KS
005360,모나미,KS
000040,KR모터스,KS
00499K,롯데지주우,KS
001685,대상우,KS
015020,이스타코,KS
108675,LX하우시스우,KS
093240,형지엘리트,KS
002070,비비안,KS
008600,윌비스,KS
009440,KC그린홀딩스,KS
18064K,한진칼우,KS
005725,넥센우,KS
006200,한국전자홀딩스,KS
011090,에넥스,KS
005257,녹십자홀딩스2우,KS
004105,태양금속우,KS
0106J0,대신 KOSPI200인덱스 X클래스,KS
465770,STX그린로지스,KS
002025,코오롱우,KS
000087,하이트진로2우B,KS
001795,대한제당우,KS
00806K,대덕1우,KS
45226K,한화갤러리아우,KS
084695,대상홀딩스우,KS
00781K,코리아써키트2우B,KS
002820,SUN&L,KS
145995,삼양사우,KS
024890,대원화성,KS
38380K,LX홀딩스1우,KS
0120X0,유진 챔피언중단기크레딧 X클래스,KS
001067,JW중외제약2우B,KS
004255,NPC우,KS
145210,다이나믹디자인,KS
019685,대교우B,KS
003075,코오롱글로벌우,KS
001755,한양증권우,KS
33637L,솔루스첨단소재2우B,KS
000225,유유제약1우,KS
015260,에이엔피,KS
001515,SK증권우,KS
001065,JW중외제약우,KS
000325,노루홀딩스우,KS
004985,성신양회우,KS
004835,덕성우,KS
044380,주연테크,KS
012205,계양전기우,KS
26490K,크라운제과우,KS
090355,노루페인트우,KS
001770,SHD,KS
000545,흥국화재우,KS
000145,하이트진로홀딩스우,KS
002995,금호건설우,KS
009415,태영건설우,KS
005965,동부건설우,KS
014825,동원시스템즈우,KS
007575,일양약품우,KS
36328K,티와이홀딩스우,KS
014285,금강공업우,KS
005745,크라운해태홀딩스우,KS
014915,성문전자우,KS
005030,부산주공,KS
000227,유유제약2우B,KS
008355,남선알미우,KS
001525,동양우,KS
005110,한창,KS
004545,깨끗한나라우,KS
011155,CJ씨푸드1우,KS
001527,동양2우B,KS
004415,서울식품우,KS
002785,진흥기업우B,KS
002787,진흥기업2우B,KS
196170,알테오젠,KQ
086520,에코프로,KQ
036930,주성엔지니어링,KQ
247540,에코프로비엠,KQ
277810,레인보우로보틱스,KQ
240810,원익IPS,KQ
222800,심텍,KQ
039030,이오테크닉스,KQ
058470,리노공업,KQ
028300,HLB,KQ
403870,HPSP,KQ
000250,삼천당제약,KQ
108490,로보티즈,KQ
319660,피에스케이,KQ
095340,ISC,KQ
440110,파두,KQ
031980,피에스케이홀딩스,KQ
084370,유진테크,KQ
067310,하나마이크론,KQ
095610,테스,KQ
131290,티에스이,KQ
357780,솔브레인,KQ
064760,티씨케이,KQ
080220,제주반도체,KQ
214450,파마리서치,KQ
141080,리가켐바이오,KQ
087010,펩트론,KQ
298380,에이비엘바이오,KQ
010170,대한광통신,KQ
310210,보로노이,KQ
226950,올릭스,KQ
178320,서진시스템,KQ
005290,동진쎄미켐,KQ
098460,고영,KQ
043260,성호전자,KQ
030530,원익홀딩스,KQ
058610,에스피지,KQ
257720,실리콘투,KQ
319400,현대무벡스,KQ
214370,케어젠,KQ
131970,두산테스나,KQ
145020,휴젤,KQ
032820,우리기술,KQ
140860,파크시스템스,KQ
089030,테크윙,KQ
140410,메지온,KQ
263750,펄어비스,KQ
347850,디앤디파마텍,KQ
214150,클래시스,KQ
237690,에스티팜,KQ
036540,SFA반도체,KQ
323280,태성,KQ
089970,브이엠,KQ
083650,비에이치아이,KQ
060370,LS마린솔루션,KQ
041510,에스엠,KQ
068760,셀트리온제약,KQ
078600,대주전자재료,KQ
183300,코미코,KQ
096530,씨젠,KQ
420770,기가비스,KQ
0009K0,에임드바이오,KQ
437730,삼현,KQ
218410,RFHIC,KQ
007390,네이처셀,KQ
232140,와이씨,KQ
039200,오스코텍,KQ
950160,코오롱티슈진,KQ
950260,인제니아테라퓨틱스(Reg.S),KQ
290650,엘앤씨바이오,KQ
347700,스피어,KQ
082920,비츠로셀,KQ
035900,JYP Ent.,KQ
204270,제이앤티씨,KQ
003380,하림지주,KQ
166090,하나머티리얼즈,KQ
356860,티엘비,KQ
195940,HK이노엔,KQ
252990,샘씨엔에스,KQ
056190,SFA,KQ
101490,에스앤에스텍,KQ
127120,제이에스링크,KQ
241710,코스메카코리아,KQ
293490,카카오게임즈,KQ
417200,LS머트리얼즈,KQ
445680,큐리옥스바이오시스템즈,KQ
160190,하이젠알앤엠,KQ
083450,GST,KQ
458870,씨어스,KQ
327260,RF머트리얼즈,KQ
036830,솔브레인홀딩스,KQ
053800,안랩,KQ
161580,필옵틱스,KQ
086450,동국제약,KQ
100790,미래에셋벤처투자,KQ
491000,리브스메드,KQ
295310,에이치브이엠,KQ
115180,큐리언트,KQ
065350,신성델타테크,KQ
388210,씨엠티엑스,KQ
099320,쎄트렉아이,KQ
031330,에스에이엠티,KQ
032500,케이엠더블유,KQ
033790,피노,KQ
281740,레이크머티리얼즈,KQ
074600,원익QnC,KQ
388720,유일로보틱스,KQ
119850,지엔씨에너지,KQ
425420,티에프이,KQ
476830,알지노믹스,KQ
328130,루닛,KQ
033100,제룡전기,KQ
189300,인텔리안테크,KQ
085660,차바이오텍,KQ
090360,로보스타,KQ
014620,성광벤드,KQ
059090,미코,KQ
137400,피엔티,KQ
064290,인텍플러스,KQ
251970,펌텍코리아,KQ
090710,휴림로봇,KQ
121600,나노신소재,KQ
036810,에프에스티,KQ
041960,코미팜,KQ
053610,프로텍,KQ
171090,선익시스템,KQ
122870,와이지엔터테인먼트,KQ
033640,네패스,KQ
213420,덕산네오룩스,KQ
035760,CJ ENM,KQ
044490,태웅,KQ
466100,클로봇,KQ
006730,서부T&D,KQ
490470,세미파이브,KQ
038500,삼표시멘트,KQ
122640,예스티,KQ
032190,다우데이타,KQ
456160,지투지바이오,KQ
253590,네오셈,KQ
225570,넥슨게임즈,KQ
476060,온코닉테라퓨틱스,KQ
102710,이엔에프테크놀로지,KQ
041830,인바디,KQ
023160,태광,KQ
092870,엑시콘,KQ
124500,아이티센글로벌,KQ
048410,현대바이오,KQ
222080,SFA넥셀,KQ
126340,비나텍,KQ
077360,덕산하이메탈,KQ
050890,쏠리드,KQ
046890,서울반도체,KQ
093320,케이아이엔엑스,KQ
253450,스튜디오드래곤,KQ
024850,HLB이노베이션,KQ
080580,오킨스전자,KQ
045100,한양이엔지,KQ
144960,뉴파워프라즈마,KQ
214430,아이쓰리시스템,KQ
089890,코세스,KQ
356680,엑스게이트,KQ
219130,타이거일렉,KQ
358570,지아이이노베이션,KQ
174900,앱클론,KQ
468530,프로티나,KQ
399720,가온칩스,KQ
069540,빛과전자,KQ
042000,카페24,KQ
009520,포스코엠텍,KQ
094170,동운아나텍,KQ
383310,에코프로에이치엔,KQ
078350,한양디지텍,KQ
060250,NHN KCP,KQ
101160,월덱스,KQ
052400,코나아이,KQ
037460,삼지전자,KQ
112040,위메이드,KQ
067630,HLB생명과학,KQ
104830,원익머트리얼즈,KQ
052020,에스티큐브,KQ
348340,뉴로메카,KQ
348370,엔켐,KQ
079940,가비아,KQ
082270,젬백스,KQ
098120,마이크로컨텍솔,KQ
125490,한라캐스트,KQ
041190,우리기술투자,KQ
365340,성일하이텍,KQ
056080,유진로봇,KQ
376900,로킷헬스케어,KQ
099190,아이센스,KQ
290550,디케이티,KQ
086900,메디톡스,KQ
027360,아주IB투자,KQ
025980,아난티,KQ
475960,토모큐브,KQ
033500,동성화인텍,KQ
278280,천보,KQ
089010,켐트로닉스,KQ
211050,인카금융서비스,KQ
368770,파이버프로,KQ
015750,성우하이텍,KQ
019210,와이지-원,KQ
460930,현대힘스,KQ
033160,엠케이전자,KQ
034950,한국기업평가,KQ
035890,서희건설,KQ
170920,엘티씨,KQ
336570,원텍,KQ
159010,아스플로,KQ
272290,이녹스첨단소재,KQ
079370,제우스,KQ
078340,컴투스,KQ
340570,티앤엘,KQ
030520,한컴,KQ
397030,에이프릴바이오,KQ
376300,디어유,KQ
486990,노타,KQ
475830,오름테라퓨틱,KQ
018290,브이티,KQ
200470,에이팩트,KQ
417840,저스템,KQ
187660,페니트리움바이오,KQ
078130,국일제지,KQ
114810,한솔아이원스,KQ
047920,HLB제약,KQ
332570,PS일렉트로닉스,KQ
013030,하이록코리아,KQ
348210,넥스틴,KQ
241770,메카로,KQ
236200,슈프리마,KQ
138080,오이솔루션,KQ
330860,네패스아크,KQ
456010,아이씨티케이,KQ
067160,SOOP,KQ
052710,아모텍,KQ
107640,한중엔시에스,KQ
441270,파인엠텍,KQ
078160,메디포스트,KQ
477850,마키나락스,KQ
039440,에스티아이,KQ
200710,에이디테크놀로지,KQ
215200,메가스터디교육,KQ
095660,네오위즈,KQ
092190,서울바이오시스,KQ
101730,위메이드맥스,KQ
204620,글로벌텍스프리,KQ
025900,동화기업,KQ
036800,나이스정보통신,KQ
168360,펨트론,KQ
046970,우리로,KQ
060280,큐렉소,KQ
069080,웹젠,KQ
006910,보성파워텍,KQ
025320,시노펙스,KQ
110990,디아이티,KQ
393890,더블유씨피,KQ
389470,인벤티지랩,KQ
092730,네오팜,KQ
078020,LS증권,KQ
003800,에이스침대,KQ
468670,브릴스,KQ
064260,다날,KQ
448900,한국피아이엠,KQ
488900,비츠로넥스텍,KQ
093520,매커스,KQ
372320,큐로셀,KQ
018000,유니슨,KQ
455900,엔젤로보틱스,KQ
482630,삼양엔씨켐,KQ
117730,티로보틱스,KQ
061970,LB세미콘,KQ
036200,유니셈,KQ
036620,감성코퍼레이션,KQ
425040,티이엠씨,KQ
446540,메가터치,KQ
017890,한국알콜,KQ
234340,헥토파이낸셜,KQ
121440,골프존홀딩스,KQ
086390,유니테스트,KQ
0035S0,빅웨이브로보틱스,KQ
091580,상신이디피,KQ
215600,신라젠,KQ
386380,스카이랩스,KQ
354320,알멕,KQ
424870,이뮨온시아,KQ
199800,툴젠,KQ
203650,드림시큐리티,KQ
042520,한스바이오메드,KQ
160980,싸이맥스,KQ
265520,AP시스템,KQ
206650,유바이오로직스,KQ
266690,덕산넵코어스,KQ
900290,GRT,KQ
049070,인탑스,KQ
314130,지놈앤컴퍼니,KQ
486510,글로벌테크놀로지,KQ
042370,비츠로테크,KQ
228760,지노믹트리,KQ
484590,삼양컴텍,KQ
389500,에스비비테크,KQ
452430,사피엔반도체,KQ
025770,한국정보통신,KQ
200670,휴메딕스,KQ
054950,제이브이엠,KQ
092460,한라IMS,KQ
084110,휴온스글로벌,KQ
071200,인피니트헬스케어,KQ
378340,필에너지,KQ
452280,한선엔지니어링,KQ
035810,이지홀딩스,KQ
012210,삼미금속,KQ
101930,인화정공,KQ
304360,에스바이오메딕스,KQ
136480,하림,KQ
493280,아이엠바이오로직스,KQ
352480,씨앤씨인터내셔널,KQ
448280,에코아이,KQ
394280,오픈엣지테크놀로지,KQ
024840,KBI메탈,KQ
294570,쿠콘,KQ
317330,덕산테코피아,KQ
060720,KH바텍,KQ
085910,네오티스,KQ
094360,칩스앤미디어,KQ
254490,미래반도체,KQ
267980,매일유업,KQ
036710,심텍홀딩스,KQ
287840,인투셀,KQ
089980,상아프론테크,KQ
472850,폰드그룹,KQ
309710,아이티켐,KQ
115450,HLB테라퓨틱스,KQ
100120,뷰웍스,KQ
035600,KG이니시스,KQ
182400,엔케이젠바이오텍코리아,KQ
099440,스맥,KQ
073490,LIG아큐버,KQ
091700,파트론,KQ
043150,바텍,KQ
272110,케이엔제이,KQ
389650,넥스트바이오메디컬,KQ
098070,한텍,KQ
484120,도우인시스,KQ
0011T0,채비,KQ
151860,KG에코솔루션,KQ
439090,마녀공장,KQ
121800,비덴트,KQ
032580,피델릭스,KQ
051500,CJ프레시웨이,KQ
377460,큐에이드,KQ
068930,디지털대성,KQ
445090,에이직랜드,KQ
023410,유진기업,KQ
108860,셀바스AI,KQ
439960,코스모로보틱스,KQ
112290,와이씨켐,KQ
036890,진성티이씨,KQ
389260,대명에너지,KQ
377450,리파인,KQ
416180,신성에스티,KQ
064820,케이프,KQ
011560,세보엠이씨,KQ
067390,아스트,KQ
036030,케이티알파,KQ
376270,HEM파마,KQ
340450,지씨지놈,KQ
298830,슈어소프트테크,KQ
083310,엘오티베큠,KQ
450950,아스테라시스,KQ
114190,강원에너지,KQ
461300,아이스크림미디어,KQ
243840,신흥에스이씨,KQ
064850,에프앤가이드,KQ
043370,피에이치에이,KQ
099430,바이오플러스,KQ
144510,지씨셀,KQ
200130,콜마비앤에이치,KQ
243070,휴온스,KQ
180400,DXVX,KQ
094480,갤럭시아머니트리,KQ
078150,HB테크놀러지,KQ
061090,세나테크놀로지,KQ
064550,바이오니아,KQ
475400,씨메스로보틱스,KQ
293780,압타바이오,KQ
241520,DSC인베스트먼트,KQ
365270,큐라클,KQ
190510,나무가,KQ
005160,동국산업,KQ
263860,지니언스,KQ
215000,골프존,KQ
0008Z0,에스엔시스,KQ
216080,제테마,KQ
065680,우주일렉트로,KQ
067080,대화제약,KQ
023760,한국캐피탈,KQ
095500,미래나노텍,KQ
053300,한국정보인증,KQ
126730,코칩,KQ
126730,코칩,KQ
065710,서호전기,KQ
018310,삼목에스폼,KQ
382900,범한퓨얼셀,KQ
125020,티씨머티리얼즈,KQ
256840,한국비엔씨,KQ
045390,대아티아이,KQ
053030,바이넥스,KQ
206640,바디텍메드,KQ
237880,클리오,KQ
307180,아이엘,KQ
462350,이노스페이스,KQ
058970,엠로,KQ
452450,피아이이,KQ
217730,강스템바이오텍,KQ
462860,더즌,KQ
459510,나우로보틱스,KQ
014940,오리엔탈정공,KQ
019010,베뉴지,KQ
405100,큐알티,KQ
176750,듀켐바이오,KQ
380540,옵티코어,KQ
950170,JTC,KQ
382800,지앤비에스 에코,KQ
005710,대원산업,KQ
199430,케이엔알시스템,KQ
049430,코메론,KQ
314930,바이오다인,KQ
126600,BGF에코머티리얼즈,KQ
036190,금화피에스시,KQ
481070,에이유브랜즈,KQ
394800,쓰리빌리언,KQ
388050,지투파워,KQ
353810,이지바이오,KQ
464080,에스오에스랩,KQ
304100,솔트룩스,KQ
355150,코스텍시스,KQ
478340,나라스페이스테크놀로지,KQ
086670,비엠티,KQ
194700,노바렉스,KQ
080720,한국유니온제약,KQ
234690,녹십자웰빙,KQ
488280,에스투더블유,KQ
484810,티엑스알로보틱스,KQ
274090,켄코아에어로스페이스,KQ
041920,메디아나,KQ
230240,에치에프알,KQ
102940,코오롱생명과학,KQ
013120,동원개발,KQ
036170,에이치엠넥스,KQ
012860,모베이스전자,KQ
143240,사람인,KQ
036560,KZ정밀,KQ
163730,핑거,KQ
0015G0,그린광학,KQ
016790,현대사료,KQ
220100,퓨쳐켐,KQ
214180,헥토이노베이션,KQ
138610,나이벡,KQ
083930,아바코,KQ
088800,에이스테크,KQ
034810,해성산업,KQ
094820,일진파워,KQ
119610,인터로조,KQ
052330,코텍,KQ
372170,윤성에프앤씨,KQ
024060,흥구석유,KQ
187870,디바이스,KQ
308430,셀비온,KQ
046120,오르비텍,KQ
264850,이랜시스,KQ
066620,국보디자인,KQ
051160,지어소프트,KQ
419530,SAMG엔터,KQ
084850,아이티엠반도체,KQ
357550,석경에이티,KQ
403850,더핑크퐁컴퍼니,KQ
054210,이랜텍,KQ
126700,하이비젼시스템,KQ
108380,대양전기공업,KQ
082800,비보존 제약,KQ
318060,그래피,KQ
042420,네오위즈홀딩스,KQ
192440,슈피겐코리아,KQ
270660,에브리봇,KQ
199820,제일일렉트릭,KQ
068790,DMS,KQ
432720,퀄리타스반도체,KQ
051370,인터플렉스,KQ
039860,나노엔텍,KQ
0161M0,네오사피엔스,KQ
086820,바이오솔루션,KQ
013990,아가방컴퍼니,KQ
388790,라이콤,KQ
084990,헬릭스미스,KQ
260970,에스앤디,KQ
049630,재영솔루텍,KQ
092070,디엔에프,KQ
158430,아톤,KQ
264450,유비쿼스,KQ
143160,아이디스,KQ
149950,아바텍,KQ
251370,와이엠티,KQ
092130,이크레더블,KQ
0010S0,와이즈플래닛컴퍼니,KQ
445180,퓨릿,KQ
0082N0,카나프테라퓨틱스,KQ
119830,아이텍,KQ
194480,데브시스터즈,KQ
032620,GC메디아이,KQ
032940,원익,KQ
104480,티케이케미칼,KQ
418550,제이오,KQ
489460,바이오비쥬,KQ
123330,제닉,KQ
245620,EDGC,KQ
038390,레드캡투어,KQ
289080,SV인베스트먼트,KQ
122990,와이솔,KQ
042510,라온시큐어,KQ
255220,SG,KQ
067290,JW신약,KQ
474650,링크솔루션,KQ
267320,나인테크,KQ
123410,코리아에프티,KQ
402030,코난테크놀로지,KQ
086890,이수앱지스,KQ
290690,아리바이오홀딩스,KQ
226590,엠디바이스,KQ
950140,잉글우드랩,KQ
475040,스트라드비젼,KQ
041020,폴라리스오피스,KQ
039830,오로라,KQ
494120,큐리오시스,KQ
413630,씨피시스템,KQ
396300,HT로보틱스,KQ
066410,버킷스튜디오,KQ
204610,티쓰리,KQ
101360,에코앤드림,KQ
417030,니어스랩,KQ
093640,케이알엠,KQ
041520,이엘씨,KQ
102120,어보브반도체,KQ
054450,텔레칩스,KQ
093190,빅솔론,KQ
054920,한컴위드,KQ
072870,메가스터디,KQ
118990,모트렉스,KQ
078070,유비쿼스홀딩스,KQ
023910,대한약품,KQ
322310,오로스테크놀로지,KQ
417500,제이아이테크,KQ
123860,아나패스,KQ
067280,멀티캠퍼스,KQ
146320,비씨엔씨,KQ
0007C0,아크릴,KQ
011040,경동제약,KQ
080160,모두투어,KQ
387690,레메디,KQ
220260,켐트로스,KQ
024800,유성티엔에스,KQ
489500,엘케이켐,KQ
0039P0,매드업,KQ
950250,테라뷰,KQ
452190,한빛레이저,KQ
052260,현대바이오랜드,KQ
065660,안트로젠,KQ
054800,아이디스홀딩스,KQ
007330,푸른저축은행,KQ
179290,엠아이텍,KQ
0088M0,메쥬,KQ
115500,케이씨에스,KQ
205500,넥써쓰,KQ
212560,네오오토,KQ
256940,킵스파마,KQ
059120,아진엑스텍,KQ
101970,우양에이치씨,KQ
147830,제룡산업,KQ
042600,새로닉스,KQ
264660,씨앤지하이테크,KQ
469610,이노테크,KQ
300080,플리토,KQ
232680,라온로보틱스,KQ
049960,쎌바이오텍,KQ
211270,AP위성,KQ
321370,센서뷰,KQ
046440,KG파이낸셜,KQ
069510,에스텍,KQ
142210,유니트론텍,KQ
451760,컨텍,KQ
023600,삼보판지,KQ
115310,인포바인,KQ
089600,KT나스미디어,KQ
141000,비아트론,KQ
105330,케이엔더블유,KQ
148150,세경하이테크,KQ
321550,티움바이오,KQ
048870,시너지이노베이션,KQ
156100,엘앤케이바이오,KQ
072950,빛샘전자,KQ
114840,아이패밀리에스씨,KQ
052860,아이앤씨,KQ
071280,로체시스템즈,KQ
417010,나노팀,KQ
297090,씨에스베어링,KQ
126640,화신정공,KQ
140670,알에스오토메이션,KQ
136540,윈스테크넷,KQ
351320,넥사다이내믹스,KQ
411080,샌즈랩,KQ
005990,매일홀딩스,KQ
060150,인선이엔티,KQ
322510,제이엘케이,KQ
038290,마크로젠,KQ
003100,선광,KQ
053260,금강철강,KQ
402490,그린리소스,KQ
047770,코데즈컴바인,KQ
037070,파세코,KQ
009780,엠에스씨,KQ
228850,레이언스,KQ
240550,동방메디컬,KQ
035610,솔본,KQ
285490,노바텍,KQ
039840,디오,KQ
282880,코윈로보틱스,KQ
115440,우리넷,KQ
474170,루미르,KQ
361390,제노코,KQ
457550,우진엔텍,KQ
172670,에이엘티,KQ
049720,고려신용정보,KQ
222040,코스맥스엔비티,KQ
299030,하나기술,KQ
307750,국전,KQ
408920,메쎄이상,KQ
094840,슈프리마에이치큐,KQ
338840,와이바이오로직스,KQ
037350,성도이엔지,KQ
073010,케이에스피,KQ
265740,엔에프씨,KQ
039560,다산네트웍스,KQ
001540,안국약품,KQ
035080,그래디언트,KQ
095700,제넥신,KQ
079960,동양이엔피,KQ
101170,우림피티에스,KQ
418420,라온텍,KQ
290720,푸드나무,KQ
950190,고스트스튜디오,KQ
259630,엠플러스,KQ
134580,탑코미디어,KQ
036690,코맥스,KQ
108230,톱텍,KQ
080420,모다이노칩,KQ
008830,대동기어,KQ
166480,코아스템켐온,KQ
053080,케이엔솔,KQ
0015N0,아로마티카,KQ
474610,RF시스템즈,KQ
056090,시지메드텍,KQ
027710,팜스토리,KQ
047310,파워로직스,KQ
297890,HB솔루션,KQ
138360,앤로보틱스,KQ
095190,신화프리텍,KQ
017510,세명전기,KQ
443670,에스피소프트,KQ
293580,나우IB,KQ
021320,KCC건설,KQ
105740,디케이락,KQ
336680,탑런토탈솔루션,KQ
083500,에프엔에스테크,KQ
308080,바이젠셀,KQ
333430,일승,KQ
136150,원일티엔아이,KQ
209640,와이제이링크,KQ
458650,성우,KQ
217820,원익피앤이,KQ
041440,현대에버다임,KQ
396470,워트,KQ
389020,자람테크놀로지,KQ
311320,지오엘리먼트,KQ
129920,대성하이텍,KQ
067990,도이치모터스,KQ
041590,플래스크,KQ
310200,애니플러스,KQ
131030,옵투스제약,KQ
338220,뷰노,KQ
049520,유아이엘,KQ
331920,셀레믹스,KQ
242040,나무AX,KQ
054050,NH농우바이오,KQ
290740,액트로,KQ
0011A0,액스비스,KQ
473980,노머스,KQ
122450,KX,KQ
063570,NICE인프라,KQ
217270,넵튠,KQ
079650,서산,KQ
317770,엑스페릭스,KQ
289930,웨이비스,KQ
201490,미투온,KQ
018120,진로발효,KQ
255440,야스,KQ
038540,상상인,KQ
051980,중앙첨단소재,KQ
334970,프레스티지바이오로직스,KQ
125210,아모그린텍,KQ
051360,토비스,KQ
036010,아비코전자,KQ
090850,현대이지웰,KQ
153890,져스텍,KQ
036630,세종텔레콤,KQ
040300,YTN,KQ
217190,제너셈,KQ
053700,삼보모터스,KQ
086980,쇼박스,KQ
246710,티앤알바이오팹,KQ
261780,아리바이오랩,KQ
475230,엔알비,KQ
130580,나이스디앤비,KQ
100590,머큐리,KQ
120240,대정화금,KQ
067900,와이엔텍,KQ
037030,파워넷,KQ
039340,한국경제TV,KQ
339950,아이비김영,KQ
123040,엠에스오토텍,KQ
453450,그리드위즈,KQ
306620,지아이에스,KQ
366030,나인앤컴퍼니,KQ
493330,지에프아이,KQ
053350,이니텍,KQ
173130,오파스넷,KQ
073560,우리손에프앤지,KQ
106190,하이텍팜,KQ
250060,모비스,KQ
097800,윈팩,KQ
419050,삼기에너지솔루션즈,KQ
109740,디에스케이,KQ
086960,MDS테크,KQ
323990,박셀바이오,KQ
0017J0,세미티에스,KQ
045970,코아시아,KQ
175250,아이큐어,KQ
100700,세운메디칼,KQ
475580,에이럭스,KQ
059210,메타바이오메드,KQ
235980,메드팩토,KQ
091440,한울소재과학,KQ
189330,씨이랩,KQ
049950,미래컴퍼니,KQ
088130,동아엘텍,KQ
439580,블루엠텍,KQ
048550,SM C&C,KQ
006620,동구바이오제약,KQ
309960,LB인베스트먼트,KQ
307930,컴퍼니케이,KQ
099750,이지케어텍,KQ
246720,아스타,KQ
047560,이스트소프트,KQ
352090,스톰테크,KQ
063170,서울옥션,KQ
322180,LS티라유텍,KQ
412350,레이저쎌,KQ
380550,뉴로핏,KQ
091120,이엠텍,KQ
182360,큐브엔터,KQ
021080,에이티넘인베스트,KQ
066790,씨씨에스,KQ
357880,SKAI,KQ
357580,아모센스,KQ
033560,블루콤,KQ
068240,다원시스,KQ
062970,한국첨단소재,KQ
042500,링네트,KQ
187790,나노,KQ
394420,리센스메디컬,KQ
002230,피에스텍,KQ
246960,SCL사이언스,KQ
017650,대림제지,KQ
101330,모베이스,KQ
282720,금양그린파워,KQ
052900,KX하이텍,KQ
074430,아미노로직스,KQ
052420,오성첨단소재,KQ
330350,위더스제약,KQ
307870,비투엔,KQ
109670,씨싸이트,KQ
298540,더네이쳐홀딩스,KQ
054540,삼영엠텍,KQ
348350,위드텍,KQ
100130,동국S&C,KQ
053580,웹케시,KQ
085670,뉴프렉스,KQ
032300,한국파마,KQ
044990,에이치엔에스하이텍,KQ
205100,엑셈,KQ
432470,케이엔에스,KQ
052460,아이크래프트,KQ
036220,오상헬스케어,KQ
109610,에스와이,KQ
234030,싸이닉솔루션,KQ
040420,정상제이엘에스,KQ
048910,대원미디어,KQ
005860,한일사료,KQ
457370,한켐,KQ
223250,드림씨아이에스,KQ
023900,풍국주정,KQ
013310,아진산업,KQ
303810,동국생명과학,KQ
093920,서원인텍,KQ
198440,강동씨앤엘,KQ
065450,빅텍,KQ
009300,삼아제약,KQ
478560,블랙야크아이앤씨,KQ
066590,스모트로닉,KQ
357230,에이치피오,KQ
900260,로스웰,KQ
263600,덕우전자,KQ
048530,인트론바이오,KQ
215100,로보로보,KQ
226400,오스테오닉,KQ
362320,청담글로벌,KQ
078890,가온그룹,KQ
006140,피제이전자,KQ
360070,탑머티리얼,KQ
096240,크레버스,KQ
004650,창해에탄올,KQ
251120,바이오에프디엔씨,KQ
192410,오늘이엔엠,KQ
162300,신스틸,KQ
330730,스톤브릿지벤처스,KQ
140070,서플러스글로벌,KQ
033290,로젠,KQ
123010,MSDI,KQ
086710,선진뷰티사이언스,KQ
066980,한성크린텍,KQ
066310,큐에스아이,KQ
072020,중앙백신,KQ
0015S0,페스카로,KQ
234300,에스트래픽,KQ
037760,쎄니트,KQ
078140,대봉엘에스,KQ
263720,디앤씨미디어,KQ
038110,에코플라스틱,KQ
094860,네오리진,KQ
025950,동신건설,KQ
014950,삼익제약,KQ
382840,원준,KQ
049180,셀루메드,KQ
066700,테라젠이텍스,KQ
183490,엔지켐생명과학,KQ
067000,조이시티,KQ
049080,기가레인,KQ
029480,광무,KQ
007820,엠엑스로보틱스,KQ
058820,CMG제약,KQ
107600,새빗켐,KQ
294630,서남,KQ
389030,지니너스,KQ
365330,에스와이스틸텍,KQ
063080,컴투스홀딩스,KQ
185490,아이진,KQ
381620,제닉스로보틱스,KQ
036640,HRS,KQ
147760,피엠티,KQ
412540,제일엠앤에스,KQ
104040,디에스엠,KQ
079810,APS이노베이션,KQ
066430,아이로보틱스,KQ
277880,티에스아이,KQ
131370,알서포트,KQ
137950,제이씨케미칼,KQ
389140,포바이포,KQ
396270,넥스트칩,KQ
388870,파로스아이바이오,KQ
418470,KT밀리의서재,KQ
054670,대한뉴팜,KQ
0007J0,인벤테라,KQ
142280,녹십자엠에스,KQ
475430,키스트론,KQ
291650,츌립앤사이언스,KQ
067170,오텍,KQ
302430,이노메트리,KQ
058400,KNN,KQ
032540,TJ미디어,KQ
004590,한국가구,KQ
302550,리메드,KQ
038680,에스넷,KQ
088390,이녹스,KQ
0117P0,피스피스스튜디오,KQ
331380,포커스에이아이,KQ
047820,초록뱀미디어,KQ
024880,케이피에프,KQ
012790,신일제약,KQ
323350,다원넥스뷰,KQ
149980,하이로닉,KQ
263800,데이타솔루션,KQ
084730,팅크웨어,KQ
000440,중앙에너비스,KQ
040160,누리플렉스,KQ
303360,프로티아,KQ
950130,엑세스바이오,KQ
253840,수젠텍,KQ
104540,코렌텍,KQ
040910,아이씨디,KQ
065510,휴비츠,KQ
225530,HC보광산업,KQ
073640,테라사이언스,KQ
170030,현대공업,KQ
011320,유니크,KQ
010280,아이티센엔텍,KQ
041910,폴라리스AI파마,KQ
124560,태웅로직스,KQ
012700,리드코프,KQ
168330,내츄럴엔도텍,KQ
041930,SY동아,KQ
011370,서한,KQ
347890,엠엑스온,KQ
413390,엠오티,KQ
039980,폴라리스AI,KQ
058630,엠게임,KQ
451250,삐아,KQ
102370,케이옥션,KQ
451220,아이엠티,KQ
030960,양지사,KQ
208140,정다운,KQ
054620,APS,KQ
377480,마음AI,KQ
067920,이글루,KQ
060590,씨티씨바이오,KQ
019550,SBI인베스트먼트,KQ
060570,드림어스컴퍼니,KQ
171120,라이온켐텍,KQ
212710,아이에스티이,KQ
417970,모델솔루션,KQ
038460,바이오스마트,KQ
020710,시공테크,KQ
417790,트루엔,KQ
460940,피앤에스로보틱스,KQ
083790,CG인바이츠,KQ
217330,싸이토젠,KQ
017480,삼현철강,KQ
128660,피제이메탈,KQ
065530,와이어블,KQ
234920,자이글,KQ
076610,해성옵틱스,KQ
024740,한일단조,KQ
155650,와이엠씨,KQ
347860,알체라,KQ
331740,아우토크립트,KQ
054040,한국컴퓨터,KQ
090470,제이스로보틱스,KQ
208370,셀바스헬스케어,KQ
080010,이상네트웍스,KQ
347000,센코,KQ
045660,에이텍,KQ
320000,한울반도체,KQ
039610,화성밸브,KQ
039010,현대에이치티,KQ
371950,풍원정밀,KQ
104460,디와이피엔에프,KQ
225190,LK삼양,KQ
110790,크리스에프앤씨,KQ
092040,아미코젠,KQ
053280,예스24,KQ
096350,대창솔루션,KQ
299660,셀리드,KQ
294140,레몬,KQ
067570,엔브이에이치코리아,KQ
487580,폴레드,KQ
117670,알파칩스,KQ
026150,특수건설,KQ
0004V0,엔비알모션,KQ
019540,일지테크,KQ
262260,에이프로,KQ
089790,제이티,KQ
187420,HLB제넥스,KQ
360350,코셈,KQ
049550,잉크테크,KQ
337930,젝시믹스,KQ
091590,남화토건,KQ
109860,동일금속,KQ
900110,딥커머스,KQ
024830,세원물산,KQ
950220,네오이뮨텍,KQ
332370,아이디피,KQ
032850,비트컴퓨터,KQ
002800,신신제약,KQ
048430,유라테크,KQ
456070,이엔셀,KQ
089230,THE E&M,KQ
096250,와이즈넛,KQ
056360,코위버,KQ
0218L0,네오뷰,KQ
265560,영화테크,KQ
123420,위메이드플레이,KQ
137080,나래나노텍,KQ
282620,기도산업,KQ
004780,대륙제관,KQ
214260,라파스,KQ
228670,레이,KQ
067370,선바이오,KQ
040350,크레오에스지,KQ
153710,옵티팜,KQ
424960,스마트레이더시스템,KQ
273640,와이엠텍,KQ
061040,알에프텍,KQ
291230,컴투스엔,KQ
111710,남화산업,KQ
048770,TPC로보틱스,KQ
278650,HLB바이오스텝,KQ
095270,웨이브일렉트로,KQ
315640,딥노이드,KQ
014970,삼륭물산,KQ
0155E0,해치텍,KQ
214680,디알텍,KQ
205470,휴마시스,KQ
222110,팬젠,KQ
126880,제이엔케이글로벌,KQ
487400,케이앤에스아이앤씨,KQ
204840,지엘팜텍,KQ
382480,지아이텍,KQ
241790,티이엠씨씨엔에스,KQ
0156T0,에이치엘지노믹스,KQ
228340,동양파일,KQ
049480,오픈베이스,KQ
046210,HLB파나진,KQ
060310,3S,KQ
041460,한국전자인증,KQ
241690,유니테크노,KQ
089850,유비벨록스,KQ
008370,원풍,KQ
192250,케이사인,KQ
081150,티플랙스,KQ
033130,디지틀조선,KQ
081180,쎄크,KQ
179530,애드바이오텍,KQ
214270,FSN,KQ
318160,셀바이오휴먼텍,KQ
001840,이화공영,KQ
299170,더블유에스아이,KQ
221800,지구홀딩스,KQ
043650,국순당,KQ
294090,이오플로우,KQ
082210,옵트론텍,KQ
321820,아티스트컴퍼니,KQ
127710,아시아경제,KQ
100030,인지소프트,KQ
122350,삼기,KQ
065170,비엘팜텍,KQ
036000,예림당,KQ
005670,푸드웰,KQ
049470,비트플래닛,KQ
066670,디티씨,KQ
900300,오가닉티코스메틱,KQ
064240,홈캐스트,KQ
251630,브이원텍,KQ
043610,KT지니뮤직,KQ
463020,뉴엔AI,KQ
014470,부방,KQ
010240,흥국,KQ
039420,케이엘넷,KQ
033320,제이씨현시스템,KQ
203400,에이비온,KQ
025550,한국선재,KQ
216050,인크로스,KQ
059270,해성에어로보틱스,KQ
460870,에스엠씨지,KQ
483350,딜리셔스,KQ
036090,위지트,KQ
010470,오리콤,KQ
448710,코츠테크놀로지,KQ
050960,수산아이앤티,KQ
175140,아고스,KQ
016250,SGC E&C,KQ
352910,오비고,KQ
003310,대주산업,KQ
464490,쿼드메디슨,KQ
094850,참좋은여행,KQ
424980,마이크로투나노,KQ
215360,우리산업,KQ
039020,이건홀딩스,KQ
263690,디알젬,KQ
054300,팬스타엔터프라이즈,KQ
099520,DGI,KQ
045340,토탈소프트,KQ
033230,인성정보,KQ
145170,노브랜드,KQ
191420,테고사이언스,KQ
348150,고바이오랩,KQ
950200,소마젠,KQ
288180,케이피항공산업,KQ
053620,태양,KQ
333620,엔시스,KQ
457600,벡트,KQ
037440,희림,KQ
033310,엠투엔,KQ
033310,엠투엔,KQ
261520,이지스,KQ
170790,파이오링크,KQ
053050,지에스이,KQ
088280,쏘닉스,KQ
317530,에피소드컴퍼니,KQ
007370,진양제약,KQ
340930,성원에너텍,KQ
109080,옵티시스,KQ
290660,다이나믹솔루션,KQ
036670,삼양케이씨아이,KQ
443250,레뷰코퍼레이션,KQ
040610,SG&G,KQ
391710,코닉오토메이션,KQ
419080,엔젯,KQ
217480,에스디생명공학,KQ
459100,위츠,KQ
071670,에이테크솔루션,KQ
036120,서울평가정보,KQ
238090,앤디포스,KQ
024910,경창산업,KQ
061250,화일약품,KQ
317830,에스피시스템스,KQ
064800,포니링크,KQ
393210,토마토시스템,KQ
092300,현우산업,KQ
053270,구영테크,KQ
435570,에르코스,KQ
420570,제이투케이바이오,KQ
043710,코스리거글로벌,KQ
150900,파수AI,KQ
0013V0,삼진식품,KQ
370090,퓨런티어,KQ
163280,에어레인,KQ
104620,노랑풍선,KQ
054930,유신,KQ
232830,아이티센피엔에스,KQ
053160,프리엠스,KQ
039240,경남스틸,KQ
105760,포스뱅크,KQ
355690,에이텀,KQ
094940,푸른로보틱스,KQ
052790,액토즈소프트,KQ
365660,레몬헬스케어,KQ
015710,코콤,KQ
217500,러셀,KQ
226340,본느,KQ
019990,에너토크,KQ
317850,대모,KQ
459550,알트,KQ
024950,삼천리자전거,KQ
027050,코리아나,KQ
900340,윙입푸드,KQ
246690,TS인베스트먼트,KQ
340810,시선AI,KQ
088910,동우팜투테이블,KQ
321260,프로이천,KQ
065130,탑엔지니어링,KQ
179900,유티아이,KQ
256630,포인트엔지니어링,KQ
393970,대진첨단소재,KQ
314140,알피바이오,KQ
042110,에스씨디,KQ
053450,세코닉스,KQ
347740,피엔케이피부임상연구센타,KQ
376290,씨유테크,KQ
189860,서전기전,KQ
219550,디와이디,KQ
044340,위닉스,KQ
063440,SM Life Design,KQ
046940,우원개발,KQ
408470,한패스,KQ
038010,제일테크노스,KQ
311690,CJ 바이오사이언스,KQ
382150,온코크로스,KQ
452400,이닉스,KQ
348080,큐라티스,KQ
196300,HLB펩,KQ
463480,모티브링크,KQ
060560,HC홈센타,KQ
199550,레이저옵텍,KQ
277070,린드먼아시아,KQ
418250,시큐레터,KQ
122310,제노레이,KQ
222420,쎄노텍,KQ
476040,오가노이드사이언스,KQ
384470,코어라인소프트,KQ
094970,제이엠티,KQ
440290,HB인베스트먼트,KQ
023440,제이스코홀딩스,KQ
317690,퀀타매트릭스,KQ
460470,아이빔테크놀로지,KQ
037950,엘컴텍,KQ
032960,동일기연,KQ
373200,엑스플러스,KQ
471820,셀로맥스사이언스,KQ
059100,아이컴포넌트,KQ
143540,영우디에스피,KQ
317870,엔바이오니아,KQ
189980,흥국에프엔비,KQ
053980,오상자이엘,KQ
073110,엘엠에스,KQ
361570,알비더블유,KQ
014190,원익큐브,KQ
068330,일신바이오,KQ
340360,다보링크,KQ
229000,젠큐릭스,KQ
479960,위너스일렉,KQ
131400,이브이첨단소재,KQ
114450,그린생명과학,KQ
072990,에이치시티,KQ
0010V0,제이피아이헬스케어,KQ
453860,에이에스텍,KQ
198080,캐프,KQ
227950,엔투텍,KQ
050120,ES큐브,KQ
260930,씨티케이,KQ
373160,데이원컴퍼니,KQ
178780,일월지엠엘,KQ
072470,우리산업홀딩스,KQ
082850,우리바이오,KQ
051390,YW,KQ
083550,케이엠,KQ
066130,하츠,KQ
033340,좋은사람들,KQ
290670,대보마그네틱,KQ
900250,크리스탈신소재,KQ
065440,이루온,KQ
288330,파라택시스코리아,KQ
258610,케일럼,KQ
184230,SGA솔루션즈,KQ
466410,사이냅소프트,KQ
042040,케이피엠테크,KQ
263020,디케이앤디,KQ
054780,키이스트,KQ
129890,앱코,KQ
099410,동방선기,KQ
086060,진바이오텍,KQ
461030,아이엠비디엑스,KQ
263700,케어랩스,KQ
022220,티케이지애강,KQ
159580,제로투세븐,KQ
199480,뱅크웨어글로벌,KQ
413640,비아이매트릭스,KQ
140520,대창스틸,KQ
261200,덴티스,KQ
256150,한독크린텍,KQ
307280,원바이오젠,KQ
189690,포시에스,KQ
100660,서암기계공업,KQ
450330,하스,KQ
190650,코리아에셋투자증권,KQ
203450,유니온바이오메트릭스,KQ
002290,삼일기업공사,KQ
452200,민테크,KQ
056700,신화인터텍,KQ
263810,상신전자,KQ
007680,대원,KQ
136410,아셈스,KQ
286750,나노실리칸첨단소재,KQ
434480,모니터랩,KQ
465480,인스피언,KQ
446840,지슨,KQ
200350,아티스트스튜디오,KQ
066900,디에이피,KQ
263770,유에스티,KQ
469750,아이비젼웍스,KQ
053950,경남제약,KQ
064090,인크레더블버즈,KQ
084650,랩지노믹스,KQ
037230,한국팩키지,KQ
027830,대성창투,KQ
049830,승일,KQ
044960,이글벳,KQ
224110,에이텍모빌리티,KQ
218150,미래생명자원,KQ
035460,기산텔레콤,KQ
221840,하이즈항공,KQ
273060,와이즈버즈,KQ
025880,케이씨피드,KQ
171010,램테크놀러지,KQ
215380,콜마바이오텍,KQ
007530,와이엠,KQ
046310,백금T&A,KQ
050860,아세아텍,KQ
352700,씨앤투스,KQ
238120,얼라인드,KQ
019770,서연탑메탈,KQ
258790,소프트캠프,KQ
038070,서린바이오,KQ
101240,씨큐브,KQ
208710,포톤,KQ
052220,iMBC,KQ
221980,케이디켐,KQ
121890,에스디시스템,KQ
081580,성우전자,KQ
234100,폴라리스세원,KQ
051490,나라엠앤디,KQ
045510,정원엔시스,KQ
430690,한싹,KQ
250000,보라티알,KQ
239890,피엔에이치테크,KQ
104200,NHN벅스,KQ
219420,링크제니시스,KQ
037370,EG,KQ
097870,효성오앤비,KQ
122690,서진오토모티브,KQ
049120,파인디앤씨,KQ
086040,바이오톡스텍,KQ
043910,자연과환경,KQ
039290,인포뱅크,KQ
123570,이엠넷,KQ
177900,쓰리에이로직스,KQ
046390,삼화네트웍스,KQ
207760,미스터블루,KQ
284620,카이노스메드,KQ
014570,고려제약,KQ
106240,파인테크닉스,KQ
057540,옴니시스템,KQ
073570,리튬포어스,KQ
060850,영림원소프트랩,KQ
026040,제이에스티나,KQ
068940,셀피글로벌,KQ
089140,넥스턴앤롤코리아,KQ
042940,상지건설,KQ
065500,오리엔트정공,KQ
045060,오공,KQ
363250,진시스템,KQ
270520,앱튼,KQ
153460,네이블,KQ
263050,유틸렉스,KQ
452300,캡스톤파트너스,KQ
127980,화인써키트,KQ
024120,KB오토시스,KQ
069920,엑시온그룹,KQ
332290,누보,KQ
310870,디와이씨,KQ
066360,체리부로,KQ
186230,그린플러스,KQ
060540,에스에이티,KQ
204020,그리티,KQ
387570,파인메딕스,KQ
432430,와이랩,KQ
260660,알리코제약,KQ
075130,플랜티넷,KQ
318410,비비씨,KQ
417860,오브젠,KQ
196450,코아시아씨엠,KQ
057030,YBM넷,KQ
290120,DH오토리드,KQ
377030,비트맥스,KQ
406820,뷰티스킨,KQ
079190,케스피온,KQ
290090,트윔,KQ
169330,엠브레인,KQ
270870,뉴트리,KQ
476080,M83,KQ
131090,시큐브,KQ
356890,싸이버원,KQ
064520,테크엘,KQ
038060,루멘스바이오스,KQ
397810,애드포러스,KQ
052600,한네트,KQ
109820,진매트릭스,KQ
099220,SDN,KQ
335810,프리시젼바이오,KQ
208860,다산디엠씨,KQ
431190,케이쓰리아이,KQ
271830,팸텍,KQ
006920,모헨즈,KQ
419120,산돌,KQ
0010F0,보원케미칼,KQ
900270,헝셩그룹,KQ
220180,폴라리스AI핸디,KQ
408900,스튜디오미르,KQ
215090,솔디펜스,KQ
200780,비씨월드제약,KQ
159910,에코글로우,KQ
080520,오디텍,KQ
091340,S&K폴리텍,KQ
364950,에이아이코리아,KQ
045300,성우테크론,KQ
012620,원일특강,KQ
038620,위즈코프,KQ
133750,메가엠디,KQ
087600,픽셀플러스,KQ
033830,티비씨,KQ
148930,에이치와이티씨,KQ
065950,웰크론,KQ
016600,큐캐피탈,KQ
462510,라메디텍,KQ
037330,인지디스플레,KQ
021650,한국큐빅,KQ
263920,휴엠앤씨,KQ
296640,이노에이엑스,KQ
050110,캠시스,KQ
318020,포인트모바일,KQ
226330,신테카바이오,KQ
032790,엠젠솔루션,KQ
073540,에프알텍,KQ
258830,세종메디칼,KQ
025440,DH오토웨어,KQ
031510,오스템,KQ
311390,네오크레마,KQ
900070,글로벌에스엠,KQ
376980,원티드랩,KQ
101670,하이드로리튬,KQ
153490,우리이앤엘하루틴,KQ
064480,브리지텍,KQ
090410,덕신이피씨,KQ
075970,동국알앤에스,KQ
462980,아이지넷,KQ
444530,심플랫폼,KQ
452160,제이엔비,KQ
173940,에프엔씨엔터,KQ
197140,디지캡,KQ
246250,에스엘에스바이오,KQ
068050,팬엔터테인먼트,KQ
462310,뉴키즈온,KQ
336060,웨이버스,KQ
099390,브레인즈컴퍼니,KQ
367000,플래티어,KQ
300120,라온피플,KQ
020180,대신정보통신,KQ
369370,블리츠웨이엔터테인먼트,KQ
031310,아이즈비전,KQ
464280,티디에스팜,KQ
464580,닷밀,KQ
237820,플레이디,KQ
097780,에코볼트,KQ
365590,하이딥,KQ
388610,지에프씨생명과학,KQ
262840,아이퀘스트,KQ
038870,에코심플렉스,KQ
070590,인티큐브,KQ
071850,캐스텍코리아,KQ
128540,에코캡,KQ
351330,이삭엔지니어링,KQ
187270,신화콘텍,KQ
038950,파인디지털,KQ
407400,꿈비,KQ
290560,파라택시스이더리움,KQ
188260,세니젠,KQ
079170,한창산업,KQ
140430,카티스,KQ
317240,TS트릴리온,KQ
373170,엠아이큐브솔루션,KQ
109960,앱토크롬,KQ
333050,이노테나,KQ
043340,에쎈테크,KQ
027040,서울전자통신,KQ
376180,피코그램,KQ
093380,풍강,KQ
019570,GMI벤처,KQ
290270,휴네시온,KQ
043220,티에스넥스젠,KQ
239610,에이치엘사이언스,KQ
089150,케이씨티,KQ
254120,자비스,KQ
130500,GH신소재,KQ
033540,파라텍,KQ
048470,대동스틸,KQ
115480,씨유메디칼,KQ
160550,NEW,KQ
088340,유라클,KQ
119500,포메탈,KQ
206400,베노티앤알,KQ
288620,에스프리즘,KQ
198940,한주라이트메탈,KQ
450520,인스웨이브,KQ
114630,폴라리스우노,KQ
123840,뉴온,KQ
318010,팜스빌,KQ
078590,휴림에이텍,KQ
068100,케이웨더,KQ
067010,이씨에스,KQ
016670,디모아,KQ
008470,부스타,KQ
368970,오에스피,KQ
225220,제놀루션,KQ
007770,한일화학,KQ
297570,아틀라스링크,KQ
195500,마니커에프앤지,KQ
236810,엔비티,KQ
060230,제이케이시냅스,KQ
080530,코디,KQ
139670,키네마스터,KQ
066910,손오공,KQ
047080,한빛소프트,KQ
017000,신원종합개발,KQ
057680,티사이언티픽,KQ
131220,대한과학,KQ
038880,아이에이,KQ
348030,모비릭스,KQ
091970,LSK아이로봇,KQ
191410,육일씨엔에쓰,KQ
458350,에스팀,KQ
238490,힘스,KQ
096630,에스코넥,KQ
032750,삼진,KQ
328380,솔트웨어,KQ
363260,모비데이즈,KQ
290520,신도기연,KQ
016920,카스,KQ
148250,알엔투테크놀로지,KQ
060380,동양에스텍,KQ
900310,컬러레이,KQ
398120,에스지헬스케어,KQ
215790,이노인스트루먼트,KQ
359090,씨엔알리서치,KQ
134060,이퓨쳐,KQ
013720,청보,KQ
033050,제이엠아이,KQ
103840,우양,KQ
096690,에이루트,KQ
105550,엣지파운드리,KQ
429270,시지트로닉스,KQ
146060,율촌,KQ
069140,누리플랜,KQ
148780,비큐AI,KQ
043200,파루,KQ
069410,엔텔스,KQ
079000,와토스코리아,KQ
072770,멤레이비티,KQ
052300,오션인더블유,KQ
058110,멕아이씨에스,KQ
001810,무림SP,KQ
193250,링크드,KQ
090150,아이윈,KQ
054090,삼진엘앤디,KQ
322780,코퍼스코리아,KQ
101680,한국정밀기계,KQ
101400,엔시트론,KQ
415380,스튜디오삼익,KQ
138070,신진에스엠,KQ
044780,에이치케이,KQ
368600,아이씨에이치,KQ
053290,NE능률,KQ
021880,메이슨캐피탈,KQ
023770,플레이위드,KQ
383930,디티앤씨알오,KQ
378800,샤페론,KQ
475660,에스켐,KQ
464500,아이언디바이스,KQ
223310,사토시홀딩스,KQ
131180,딜리,KQ
355390,크라우드웍스,KQ
083660,CSA 코스믹,KQ
016100,리더스코스메틱,KQ
318000,KBG,KQ
208350,지란지교시큐리티,KQ
389680,유디엠텍,KQ
032860,더라미,KQ
115530,씨엔플러스,KQ
083640,인콘,KQ
405920,나라셀라,KQ
002680,한탑,KQ
123750,알톤,KQ
257370,피엔티엠에스,KQ
020400,대동금속,KQ
177830,파버나인,KQ
351870,차이커뮤니케이션,KQ
039740,한국정보공학,KQ
267790,배럴,KQ
035200,프럼파스트,KQ
187220,디티앤씨,KQ
115610,이미지스,KQ
317120,라닉스,KQ
076080,웰크론한텍,KQ
051380,피씨디렉트,KQ
027580,상보,KQ
206560,덱스터,KQ
032680,소프트센,KQ
237750,피앤씨테크,KQ
054940,엑사이엔씨,KQ
424760,벨로크,KQ
222980,한국맥널티,KQ
188040,바이오포트,KQ
036480,대성미생물,KQ
298060,풍전약품,KQ
032800,판타지오,KQ
115160,휴맥스,KQ
065690,파커스,KQ
018680,서울제약,KQ
219750,한국비티비,KQ
377330,이지트로닉스,KQ
417180,핑거스토리,KQ
432980,엠에프씨,KQ
013810,스페코,KQ
043590,웰킵스하이텍,KQ
303530,이노뎁,KQ
361670,삼영에스앤씨,KQ
215480,토박스코리아,KQ
192390,윈하이텍,KQ
033200,모아텍,KQ
017250,인터엠,KQ
007720,소노스퀘어,KQ
065370,위세아이텍,KQ
131100,티엔엔터테인먼트,KQ
352940,인바이오,KQ
200230,텔콘RF제약,KQ
053060,세동,KQ
238200,비피도,KQ
032080,아즈텍WB,KQ
277410,인산가,KQ
331520,밸로프,KQ
301300,바이브컴퍼니,KQ
018700,졸스,KQ
115570,스타플렉스,KQ
340440,세림B&G,KQ
032280,삼일,KQ
054220,비츠로시스,KQ
039310,세중,KQ
224060,더코디,KQ
045520,크린앤사이언스,KQ
154040,다산솔루에타,KQ
095910,에스에너지,KQ
023790,동일스틸럭스,KQ
065150,대산F&B,KQ
070300,퀀텀레일,KQ
067730,로지시스,KQ
241840,에이스토리,KQ
098660,에스티오,KQ
113810,디젠스,KQ
024940,PN풍년,KQ
130740,티피씨글로벌,KQ
440320,오픈놀,KQ
372800,아이티아이즈,KQ
289220,자이언트스텝,KQ
038530,케이바이오랩스,KQ
353190,휴럼,KQ
044480,빌리언스,KQ
021040,대호특수강,KQ
438700,버넥트,KQ
096870,엘디티,KQ
405000,플라즈맵,KQ
353590,오토앤,KQ
079950,인베니아,KQ
085810,알티캐스트,KQ
342870,오아,KQ
274400,이노시뮬레이션,KQ
019660,글로본,KQ
043360,디지아이,KQ
063760,이엘피,KQ
050760,에스폴리텍,KQ
362990,드림인사이트,KQ
069330,유아이디,KQ
088290,이원컴포텍,KQ
276730,한울앤제주,KQ
247660,나노씨엠에스,KQ
275630,에스에스알,KQ
347770,핌스,KQ
083470,이엠앤아이,KQ
080470,성창오토텍,KQ
344860,이노진,KQ
073190,듀오백,KQ
065060,지엔코,KQ
227610,아우딘퓨쳐스,KQ
214610,롤링스톤,KQ
154030,아시아종묘,KQ
084440,유비온,KQ
048830,엔피케이,KQ
110020,전진바이오팜,KQ
455180,케이지에이,KQ
252500,세화피앤씨,KQ
403490,우듬지팜,KQ
031860,디에이치엑스컴퍼니,KQ
018620,우진비앤지,KQ
365900,브이씨,KQ
279600,미디어젠,KQ
195990,루트K,KQ
196700,웹스,KQ
309930,조이웍스앤코,KQ
137940,넥스트아이,KQ
051780,큐로홀딩스,KQ
373110,엑셀세라퓨틱스,KQ
014100,메디앙스,KQ
306040,에스제이그룹,KQ
056730,CNT85,KQ
078860,아이오케이이엔엠,KQ
037400,우리엔터프라이즈,KQ
0197V0,엔에이치스팩34호,KQ
026910,광진실업,KQ
475460,미트박스,KQ
482680,미래에셋비전스팩7호,KQ
009620,삼보산업,KQ
477380,미래에셋비전스팩4호,KQ
241820,피씨엘,KQ
419540,비스토스,KQ
210120,캔버스엔,KQ
0200G0,한국제17호스팩,KQ
050090,비케이홀딩스,KQ
900120,씨엑스아이,KQ
009730,이렘,KQ
054410,케이피티유,KQ
034940,조아제약,KQ
0072Z0,KB제33호스팩,KQ
477340,에이치엠씨제7호스팩,KQ
0130H0,엔에이치스팩33호,KQ
0101C0,하나36호스팩,KQ
285800,진영,KQ
030350,드래곤플라이,KQ
0044K0,삼성스팩10호,KQ
225590,패션플랫폼,KQ
473050,유안타제15호스팩,KQ
065650,하이퍼코퍼레이션,KQ
0115H0,삼성스팩13호,KQ
469480,IBKS제24호스팩,KQ
376930,노을,KQ
489480,키움제11호스팩,KQ
478440,미래에셋비전스팩6호,KQ
479880,한국제15호스팩,KQ
101000,KS인더스트리,KQ
0165X0,메리츠제2호스팩,KQ
0099W0,미래에셋비전스팩11호,KQ
335870,윙스풋,KQ
0209J0,KB제34호스팩,KQ
498390,한화플러스제5호스팩,KQ
304840,피플바이오,KQ
352770,셀레스트라,KQ
244460,올리패스,KQ
0134X0,대신밸런스제20호스팩,KQ
177350,베셀,KQ
0099X0,IBKS제25호스팩,KQ
0164H0,한국제16호스팩,KQ
0096B0,삼성스팩12호,KQ
481890,엔에이치스팩31호,KQ
239340,이스트에이드,KQ
489730,디비금융제13호스팩,KQ
0097F0,미래에셋비전스팩10호,KQ
478390,KB제29호스팩,KQ
054180,메디콕스,KQ
0093G0,미래에셋비전스팩8호,KQ
492220,KB제31호스팩,KQ
0037T0,KB제32호스팩,KQ
482520,교보16호스팩,KQ
028080,휴맥스홀딩스,KQ
418620,E8,KQ
0054V0,엔에이치스팩32호,KQ
0131D0,키움히어로제2호스팩,KQ
0091W0,신영스팩11호,KQ
065570,삼영이엔씨,KQ
092600,앤씨앤,KQ
477760,DB금융스팩12호,KQ
0041L0,하나35호스팩,KQ
0088D0,메리츠제1호스팩,KQ
0132G0,교보20호스팩,KQ
354200,엔젠바이오,KQ
469900,하나31호스팩,KQ
482690,대신밸런스제19호스팩,KQ
060480,국일신동,KQ
474660,신한제12호스팩,KQ
0071M0,삼성스팩11호,KQ
474490,유안타제16호스팩,KQ
487360,신한제14호스팩,KQ
0105P0,유진스팩12호,KQ
477470,미래에셋비전스팩5호,KQ
496070,신한제16호스팩,KQ
289010,아이스크림에듀,KQ
131760,파인텍,KQ
0129K0,신한제18호스팩,KQ
035620,바른손이앤에이,KQ
0096D0,미래에셋비전스팩9호,KQ
486630,KB제30호스팩,KQ
377220,프롬바이오,KQ
0098T0,교보19호스팩,KQ
493790,유안타제17호스팩,KQ
489210,교보17호스팩,KQ
0004Y0,디비금융제14호스팩,KQ
060900,에이전트AI,KQ
303030,지니틱스,KQ
103230,에스앤더블류,KQ
060260,뉴보텍,KQ
0130D0,신한제17호스팩,KQ
043100,알파AI,KQ
065770,CS,KQ
478110,이베스트스팩6호,KQ
006050,국영지앤엠,KQ
466690,키움히어로제1호스팩,KQ
305090,마이크로디지탈,KQ
0041B0,교보18호스팩,KQ
142760,모아라이프플러스,KQ
208640,썸에이지,KQ
488060,유진스팩11호,KQ
106080,케이이엠텍,KQ
484130,하나34호스팩,KQ
473950,에스케이증권제13호스팩,KQ
487830,신한제15호스팩,KQ
468760,유진스팩10호,KQ
472230,에스케이증권제11호스팩,KQ
487720,키움제10호스팩,KQ
067770,세진티에스,KQ
0068Y0,비엔케이제3호스팩,KQ
012340,뉴인텍,KQ
001000,신라섬유,KQ
0041J0,엘에스스팩1호,KQ
087260,모바일어플라이언스,KQ
03481K,해성산업1우,KQ
475250,하나33호스팩,KQ
079970,투비소프트,KQ
288980,모아데이타,KQ
474930,신한제13호스팩,KQ
240600,유진테크놀로지,KQ
065420,에스아이리소스,KQ
276040,스코넥,KQ
473000,에스케이증권제12호스팩,KQ
475240,하나32호스팩,KQ
308100,형지글로벌,KQ
900100,파이온엑스,KQ
291810,핀텔,KQ
044180,KD,KQ
313760,캐리,KQ
052770,아이톡시,KQ
250930,예선테크,KQ
225430,케이엠제약,KQ
025870,신라에스지,KQ
058450,한주에이알티,KQ
199730,바이오인프라,KQ
011080,형지I&C,KQ
035290,골드앤에스,KQ
021045,대호특수강우,KQ
196490,디에이테크놀로지,KQ
312610,에이에프더블류,KQ
032685,소프트센우,KQ
